ID,РУССКИЙ ТЕКСТ,ENGLISH
NOID-1,находит под елочкой новогодний подарок:,
NOID-2,Вы передали свой голос клану,
NOID-3,Отдано голосов за клан,
NOID-4,Проголосовали за (какой-то клан),
NOID-5,Я отдаю свой голос в пользу клана,
NOID-6,"<p>Пользовательское Соглашение</p>
<p>Настоящее Пользовательское Соглашение (далее &laquo;Соглашение&raquo;) регулирует отношения между правообладателем портала GD-Team Limited, именуемым в дальнейшем &laquo;Оператор&raquo; и Пользователем (далее &laquo;Пользователь&raquo;).</p>
<p>В случае, если законодательство Вашего государства запрещает получать игровые on-line услуги, или существуют иные законодательные ограничения, в том числе возрастные, Вы не вправе использовать Игру или отдельные услуги в Игре. Вы обязуетесь немедленно прекратить использование Игры или таких услуг в Игре.</p>
<p>Термины, используемые в настоящем Соглашении</p>
<p>Портал &mdash; программно-аппаратный комплекс, размещенный на Ресурсах Оператора, включающий в себя Игры и Игровые ресурсы. Оперирование и обслуживание Портала, а также предоставление доступа Пользователям к Порталу осуществляется исключительно Оператором. Участие Пользователей в Играх происходит в интерактивном (онлайн) режиме, посредством посещения сайта http://tmgame.ru и/или получения информации с сайта http://tmgame.ru и/или его поддоменов и подключения Пользователя через всемирную сеть Интернет к Ресурсам Оператора. Исключительными правами на использование Портала обладает Оператор.</p>
<p>Игры &mdash; программы для ЭВМ. Алгоритм программ представляет собой формализованное описание (модель) конфликтной ситуации, включающее четко определенные правила действий участников (игроков), которые одерживают победу над оппонентами в результате принятия той или иной стратегии. Игры размещены на Ресурсах Оператора. Участие Пользователей в Играх происходит в интерактивном (онлайн) режиме.</p>
<p>Интернет сайт &mdash; интернет сайт, расположенный по адресу http://tmgame.ru и его поддоменах, предоставляющий Пользователю доступ к ресурсам Оператора, в том числе для участия Пользователя в Играх. Оператор размещает информацию, обязательную для Пользователей на Интернет сайте.</p>
<p>Игровые ресурсы &mdash; все сервисы, расположенные в домене http://tmgame.ru и его поддоменах.</p>
<p>Ресурсы Оператора &mdash; серверы, каналы доступа в Интернет, доменные имена и иные программные и аппаратные средства, принадлежащие Оператору или арендуемые им.</p>
<p>Оператор &mdash; правообладатель портала GD-Team Limited, осуществляет оперирование, обслуживание, администрирование Портала. Оператор на условиях Соглашения предоставляет доступ Пользователя к Порталу, Услугам, Дополнительным Платным Услугам. Оператор является Стороной в Пользовательском соглашении.</p>
<p>Пользователь &mdash; физическое лицо, принимающее участие в Играх и/или посещающее Портал и/или использующее информацию, полученную с Портала каким-либо другим способом и/или являющееся конечным получателем Услуг, Дополнительных Платных Услуг. Пользователь является Стороной в Пользовательском соглашении.</p>
<p>Услуги &mdash; предоставление Оператором Пользователю доступа к Порталу, использованию Портала, к участию в Играх, использование возможностей и сервисов, на условиях, определенных настоящим Соглашением. К Услугам Оператора относится также обеспечение игрового процесса. Услуги, за исключением Дополнительных Платных Услуг, предоставляются Оператором Пользователю на безвозмездной основе. Услуги могут быть предоставлены Оператором Пользователю только внутри Портала, то есть во время использования Пользователем Портала.</p>
<p>Дополнительные Платные Услуги &mdash; предоставление Пользователю дополнительных, специальных возможностей Портала за плату, на условиях, определенных настоящим Соглашением. Дополнительные Платные Услуги не являются необходимым условием использования Пользователем Портала, либо получением Пользователем Услуг и предоставляются Пользователю для получения им дополнительных возможностей Портала, выходящих за рамки Услуг. Дополнительные Платные Услуги предоставляются по запросу и желанию Пользователя. Дополнительные Платные Услуги могут быть предоставлены Оператором Пользователю только внутри Портала.</p>
<p>Игровая валюта &mdash; одна из числовых характеристик Портала, носящая исключительно игровой характер. Игровая валюта на Портале обозначаемая знаками &laquo;монет&raquo; разных цветов (медная, серебряная, золотая) не имеет реального представления или эквивалента. Оператор не осуществляет обмен игровых ценностей, полученных посредством получения Пользователем Услуг и/или Дополнительных Платных Услуг Оператора, а также игровых валют на наличные, электронные или безналичные деньги.</p>
<p>Пользовательское Соглашение &mdash; текст настоящего Соглашения между Пользователем и Оператором, содержащий все необходимые и существенные условия договора. Пользовательское Соглашение определяет отношения Пользователя и Оператора по использованию Пользователем Портала, возможности и условиям получения Пользователем Услуг, Дополнительных Платных Услуг, ограничения, условия приостановления и прекращения оказания Оператором Услуг и Дополнительных Платных Услуг, ответственность Сторон, иные отношения Сторон, связанные с использованием Портала. Соблюдение условий Пользовательского Соглашения является необходимым условием для использования Пользователем Портала, а также для получения Пользователем Услуг и Дополнительных Платных Услуг.</p>
<p>Правила Игры &ndash; Приложение к Пользовательскому Соглашению, регламентирующее правила участия и поведения Пользователя в Игре, перечень ограничений, которых должен придерживаться Пользователь в Игре, а также ответственность Пользователя за неисполнение таких правил и несоблюдения ограничений, права Оператора на применение к Пользователю определенных настоящим Соглашением мер и условия применения таких мер. Соблюдение Правил Игры является необходимым условием для участия Пользователя в Игре, а также для получения Пользователем Услуг и Дополнительных Платных Услуг. Правила Игры могут быть изменены Оператором в любое время без предварительного уведомления Пользователя. О таких изменениях Оператор уведомляет Пользователя путем размещения информации на Интернет-сайте Игры. Продолжение Пользователем участия в Игре после изменения Правил Игры является его согласием с такими изменениями.</p>
<p>1. Предмет Соглашения</p>
<p>1.1. Оператор предлагает неограниченному кругу лиц доступ к Порталу, Услугам Оператора, а также Дополнительным Платным Услугам Оператора, на условиях настоящего Соглашения.</p>
<p>1.2.Физическое лицо, желающее получить доступ к Порталу, с момента акцепта настоящего Соглашения является Пользователем и имеет права, исполняет обязанности, предусмотренные настоящим Соглашением.</p>
<p>1.3. Принимая условия настоящего Соглашения, Пользователь выражает согласие со всеми его условиями. Согласие Пользователя с положениями настоящего Соглашения является обязательным условием для начала использования Портала.</p>
<p>1.4. Принимая условия настоящего Соглашения, Пользователь подтверждает, что он правоспособен, дееспособен, достиг совершеннолетия (18 лет) и вправе заключать настоящее Соглашение.</p>
<p>1.5. Язык общения при использовании портала: русский, английский.</p>
<p>2. Обязанности Оператора</p>
<p>2.1. На условиях, изложенных в настоящем Соглашении, предоставить возможность Пользователю получать Услуги Оператора внутри Портала, получать Дополнительные Платные Услуги внутри Портала.</p>
<p>2.2. Уведомлять Пользователя путем опубликования информации на Интернет сайте об изменениях условий настоящего Соглашения.</p>
<p>3. Права Оператора</p>
<p>3.1. Оператор имеет право в любое время, в одностороннем порядке ограничить, расширить, изменить или прекратить оказание Услуг, Дополнительных Платных Услуг, без предварительного уведомления Пользователя.</p>
<p>3.2. Оператор управляет Порталом и игровыми процессами по своему усмотрению, поэтому в любое время имеет право приостанавливать либо изменять ход процессов, условий использования Портала, без предварительного уведомления Пользователя.</p>
<p>3.3. Оператор вправе в любое время изменять, дополнять, модифицировать Портал, любую из его частей, без какого либо предварительного уведомления Пользователя.</p>
<p>3.4. Оператор имеет право в любое время изменить, удалить любую информацию, размещенную Пользователем на Ресурсах Оператора, включая высказывания, объявления Пользователя.</p>
<p>3.5. Вся информация (личные данные, фотографии, электронные адреса и т.д.), размещенная Пользователем на Портале, принадлежит Оператору. Оператор вправе удалить любую информацию, размещенную Пользователем, без объяснения причин.</p>
<p>3.6. Оператор имеет право в любое время приостановить, ограничить и/или прекратить предоставление Услуг, Дополнительных Платных Услуг Пользователю, на условиях настоящего Соглашения, в том числе при несоблюдении Пользователем условий настоящего Соглашения.</p>
<p>3.7. Для сбора статистических данных и идентификации Пользователей Оператор может отслеживать и сохранять информацию об IP-адресах доступа Пользователя к Порталу, использовать файлы технической информации (cookies), размещаемые на персональном компьютере Пользователя.</p>
<p>3.8. Оператор вправе рассылать Пользователям сообщения информационного или технического характера, связанного с Порталом, Услугами и Дополнительными Платными Услугами.</p>
<p>3.9. Оператор вправе делать замечания Пользователям, предупреждать, уведомлять, информировать их о несоблюдении Пользователями условий настоящего Соглашения. Указания Оператора обязательны для исполнения Пользователем.</p>
<p>3.10. Оператор вправе предпринимать предусмотренные законом меры для защиты собственных интеллектуальных прав в отношении Портала.</p>
<p>3.11. Оператор вправе, в случае приостановления, ограничения, прекращения предоставления Дополнительных Платных Услуг и/или Услуг Пользователю, возобновить оказываемые Пользователю Услуги и/или Дополнительные Платные Услуги.</p>
<p>3.12. Оператор имеет право поощрить любым из доступных способов любого Пользователя по своему усмотрению, в том числе увеличить количество игровой валюты.</p>
<p>3.13. Оператор имеет право передать часть своих полномочий по контролю за деятельностью Пользователей другому Пользователю, при условии, что он согласен принять на себя данные полномочия. Такой Пользователь в дальнейшем именуется Модератор. На Модераторов распространяются все положения настоящего Соглашения за исключением пункта 5.5.</p>
<p>3.14. Бездействие со стороны Оператора, в случае нарушения Пользователем либо иными пользователями положений Соглашения, не лишает Оператора права предпринять соответствующие действия в защиту своих интересов позднее, а также не означает отказа Оператора от своих прав в случае совершения в последующем подобных либо сходных нарушений со стороны Пользователя.</p>
<p>4. Ограничения ответственности Оператора.</p>
<p>4.1. Пользователь использует Ресурсы Оператора, Портал на собственный страх и риск. Использование Портала, предоставление Услуг, Дополнительных Платных Услуг осуществляется в состоянии &laquo;как есть&raquo;.</p>
<p>4.2. Оператор не несет ответственности за любой ущерб, который может быть нанесен компьютеру Пользователя и/или данным Пользователя в результате использования Портала.</p>
<p>4.3. Оператор не несет ответственности за любые прямые или непрямые убытки, произошедшие из-за: использования либо невозможности использования Портала; несанкционированного доступа к коммуникациям Пользователя; заявлений или поведения любого третьего лица на Портале.</p>
<p>4.4. Оператор не несет ответственности за возможные противоправные действия Пользователя.</p>
<p>4.5. Оператор не несет ответственности за высказывания Пользователя, произведенные или опубликованные на Ресурсах Оператора. Оператор не несет ответственности за поведение Пользователя на Ресурсах Оператора, неуважительное отношение к другим Пользователям Портала.</p>
<p>4.6. Оператор не несет ответственности за утерю Пользователем возможности доступа к своему игровому аккаунту &mdash; учетной записи Пользователя на Портале (утрату логина, пароля, иной информации, необходимой для идентификации Пользователя на Портале).</p>
<p>4.7. Оператор не несет ответственности за неполное, неточное, некорректное указание Пользователем своих данных при создании учетной записи Пользователя на Портале.</p>
<p>4.8. Оператор не несет ответственности за утрату Пользователем игровых ценностей, полученных в результате предоставления Оператором Услуг, Дополнительных Платных Услуг.</p>
<p>4.9. Оператор не несет ответственности за наличие возможностей у Пользователя к доступу в Интернет, за качество услуг провайдеров сети Интернет, с которыми у Пользователей заключены соглашения о предоставлении услуг по доступу к сети Интернет.</p>
<p>4.10. Оператор не осуществляет обмен игровых ценностей, полученных посредством получения Пользователем Услуг и/или Дополнительных Платных Услуг Оператора, а также игровых валют на наличные, электронные или безналичные деньги.</p>
<p>4.11. Оператор не производит обмена одних игровых ценностей, полученных посредством получения Пользователем Услуг и/или Дополнительных Платных Услуг Оператора, на другие игровые ценности.</p>
<p>4.12. Оператор не несет расходов, связанных с оплатой Пользователем Дополнительных Платных Услуг Оператора, и не возмещает Пользователю таких расходов.</p>
<p>4.13. Оператор не гарантирует, что Портал будет удовлетворять требованиям Пользователя.</p>
<p>4.14. Оператор не гарантирует, что использование Портала, доступ к Ресурсам Оператора, а также Услуги и Дополнительные Платные Услуги будут предоставляться непрерывно, быстро, надежно и без ошибок.</p>
<p>4.15. Оператор не гарантирует, что результаты, которые могут быть получены с использованием Портала, Услуг, Дополнительных Платных Услуг, будут безошибочными.</p>
<p>4.16. Оператор не гарантирует, что качество какой-либо Услуги, Дополнительной Платной Услуги или информации, полученных с использованием Портала, будет соответствовать ожиданиям Пользователя.</p>
<p>4.17. Оператор не обязан представлять Пользователю какие-либо доказательства, документы и прочее, свидетельствующие о нарушении Пользователем условий Соглашения, в результате которого Пользователю было отказано в предоставлении Услуг, Дополнительных Платных Услуг, либо был сокращен и/или ограничен объем таких услуг Пользователя.</p>
<p>5. Права и Обязанности Пользователя.</p>
<p>5.1. Пользователь имеет право использовать Портал исключительно в некоммерческих, личных целях в соответствии с условиями настоящего Соглашения.</p>
<p>5.2. Пользователь имеет право участвовать в конкурсах, акциях, проводимых Оператором и связанных с Порталом, в порядке, предусмотренным условиями таких конкурсов, акций.</p>
<p>5.3. Пользователь имеет право связаться с Оператором по возникшему вопросу по электронной почте bugs@tmgame.ru . Оператор вступает в переписку с Пользователем по своему усмотрению.</p>
<p>5.4. Пользователь обязуется уважительно и корректно относиться к другим Пользователям Портала. Пользователь обязуется не использовать ненормативную лексику, не угрожать насилием и физической расправой за пределами Портала; не распространять каким-либо образом материалы, пропагандирующие, либо выражающие неприятие или ненависть к какой-либо религии, культуре, расе, нации, народу, языку, политике, идеологии или общественному движению; не рекламировать порно-сайты, наркотики и ресурсы, содержащие подобную информацию; а также совершать иные действия, нарушающие действующее законодательство Российской Федерации.</p>
<p>5.5. Пользователь не вправе ограничивать доступ других Пользователей к Порталу или препятствовать другим Пользователям в использовании Портала.</p>
<p>5.6. Пользователь не имеет права использовать баги (ошибки программного обеспечения) и обязан незамедлительно сообщать о них Оператору; вмешиваться в программный код, несанкционированно получать доступ к компьютерной системе, получать, без надлежащего разрешения Оператора, доступ к базе данных Пользователей Портала или материалов Портала. Пользователь обязуется не использовать вредоносных программ и оборудования, способного навредить Порталу, либо его Пользователям. Пользователь понимает также, что в случае, если он будет пойман на мошенничестве, направленном как на попытку навредить Порталу, так и на попытку неигровым способом повысить игровые характеристики, к нему будут применены штрафные санкции вплоть до удаления аккаунта либо направления сообщения по данному факту в правоохранительные органы РФ.</p>
<p>5.7. Пользователь соглашается, что в случае нарушения им своих обязанностей, Оператор вправе в любой момент применить к нему санкции, выражающиеся в запрете Пользователю использовать Портал, либо использовать к нему иные методы воздействия: предупреждение, временное блокирование использования Портала или отдельных его функций, требование о возмещении убытков и иные действия.</p>
<p>5.8. Пользователь не имеет право рекламировать что-либо в Игре без письменного согласия Оператора. В частности, любые сообщения, отправленные Пользователем, содержащие ссылки на другие сайты в Интернете считаются несанкционированной рекламой, если Пользователь не получил письменное разрешение Оператора на проведение подобной рекламной компании.</p>
<p>5.9. Пользователь обязуется не проводить антирекламу Портала, как на самом Портале, так и вне его.</p>
<p>5.10. Пользователь обязуется не засорять информационное пространство Портала (чаты, форумы, личные сообщения и т.п.) флудом и спамом (повторяющийся текст, не несущий смысловой нагрузки и/или бессмысленный текст).</p>
<p>5.11. Пользователь обязан соблюдать условия настоящего Соглашения без каких либо ограничений.</p>
<p>5.12. Пользователь обязан в момент регистрации на Ресурсах Оператора указывать достоверную информацию.</p>
<p>5.13. Пользователь обязан не нарушать права интеллектуальной собственности Оператора в отношении Портала и/или каких-либо составляющих Ресурсов Оператора, в частности, Пользователь не имеет права копировать, транслировать, рассылать, публиковать и иным образом распространять и воспроизводить материалы (текстовые, графические, аудио-видео), находящиеся на Ресурсах Оператора, без письменного согласия Оператора.</p>
<p>5.14. Пользователь обязан самостоятельно предпринимать соответствующие меры, обеспечивающие безопасность его учетных записей на Портале и предотвращающие несанкционированное использование третьими лицами этих учетных записей.</p>
<p>5.15. Пользователь обязан выполнять указания Оператора (или Модератора), в частности, если такие указания сделаны Оператором Пользователю, или группе Пользователей на Портале. В случае, если пользователь не выполняет таких указаний Оператора (или Модератора), Оператор (или Модератор) имеет право приостановить, ограничить, прекратить оказание Услуг и/или Дополнительных Платных Услуг такому Пользователю. Пользователь не вправе обсуждать, критиковать, выражать возмущения на подобные указания на Портале.</p>
<p>5.16. Пользователь обязан по требованию Оператора сообщить свои персональные данные, включающие Фамилию, Имя, Отчество, либо иные данные, запрашиваемые Оператором, в случае если это не противоречит законодательству РФ.</p>
<p>5.17. Пользователь гарантирует, что обладает всеми необходимыми полномочиями, для заключения настоящего Соглашения. В случае, если Пользователь не достиг возраста совершеннолетия, посещение и использование Портала возможно только с согласия и под ответственность родителей или лиц, осуществляющих опекунство &nbsp;над несовершеннолетним.</p>
<p>5.18. Пользователь понимает, что несет ответственность за всю информацию и материалы, размещаемые им на сайте. Информация и материалы, предоставляемые Пользователем не должны нарушать действующего законодательства, включая закон об авторском праве и смежных правах. В случае, если предоставленные Пользователем материалы (информация) вступают в противоречие с действующим законодательством, вся ответственность за нарушение целиком и полностью ложится на Пользователя. Администрация и создатели сайта за информацию и материалы, предоставленные Пользователями, никакой ответственности не несут.</p>
<p>5.19. На каждом сервере запрещается регистрировать одним игроком более одного игрового персонажа за каждую расу (в том числе с целью увеличения благосостояния иных своих игровых персонажей или игровых персонажей третьих лиц (т.н. &laquo;мультоводство&raquo;)).</p>
<p>5.20. Запрещается использовать своих обоих персонажей, зарегистрированных за противоположные расы, одномоментно. Также запрещается вступать в торговые отношения или участвовать в боях персонажами, которые регулярно играют с одного компьютера.</p>
<p>5.21. Не допускаются неуважительные высказывания в адрес Оператора, продукции которую она выпускает, и людей, в ней работающих (включая модераторов форума и игры). Пользователю запрещается распространять информацию, не соответствующую действительности (слухи, клевету) об игровом сервисе Игры, Оператора (включая модераторов Чата и форума). Запрещается публикация и отправка сообщений, провоцирующих и/или содержащих призыв к нарушению существующих Правил другими пользователями проекта.</p>
<p>5.22. Запрещается использование прямой или косвенной рекламы других онлайн проектов, в том числе и игр, а так же демонстративные призывы/приглашения/уходы куда-либо, в том числе и в другие онлайн-игры.</p>
<p>5.23. Любая реклама брендов и названий, не относящихся к Оператору, запрещается. Запрещаются спам, письма счастья, финансовые пирамиды.</p>
<p>5.24. Запрещён флуд, флейм, троллинг.</p>
<p>5.25. Запрещено писать более половины слов или текста в верхнем регистре (CAPS), сообщения, содержащих чрезмерное (4 и более подряд) количество смайлов, (5 и более подряд) знаков препинания, символов</p>
<p>5.26. Запрещается создавать ники и кланы с оскорбительными и/или провокационными названиями, противоречащие любому из пунктов Пользовательского Соглашения, ники и названия кланов содержащие символы, не допустимые Игрой, а также не читаемые ники и названия кланов (читаемость на усмотрение Оператора).</p>
<p>5.27. Запрещается попрошайничество, вымогательство, благотворительность, кредитование, аренда, ссуды и т.д.</p>
<p>5.28. Запрещается ДВП (денежно-вещевая прокачка): передача игровой валюты, вещей, эликсиров и других материальных ценностей от одного персонажа другому как непосредственно, так и при использовании игровой Почты или Аукциона.</p>
<p>5.29. Запрещены договорные бои (участие в боях с заранее оговоренным исходом или условиями), любой другой сговор с игроком противоположной расы с целью получения игрового преимущества, а также запрещено угрожать другим игрокам использованием такого сговора.</p>
<p>5.30. Запрещается разглашать третьим лицам параметры другого игрока без его согласия.</p>
<p>5.31. Запрещается задавать вопросы о причинах наказаний (молчанок, банов, предупреждений на Форуме и Чате), действиях сотрудников Отдела Модерации где-либо, кроме разделов &laquo;Жалобы на действия модераторов игры&raquo; и &laquo;Жалобы на действия модераторов форума&raquo; на форуме.</p>
<p>5.32. Запрещается использовать в Анкетах и Подарках слова и выражения явно или косвенно нарушающие любые пункты Пользовательского Соглашения.</p>
<p>5.33. Запрещается мешать сотрудникам Отдела Модерации, отвлекать их от работы, создавать помехи в работе.</p>
<p>5.34. Запрещается лгать представителям Оператора.</p>
<p>5.35. В игре запрещены угрозы, шантаж, пожелания смерти, болезней и пр., - относящиеся к личности игрока и его близких, в реальной жизни.</p>
<p>5.36. Публиковать содержание личных бесед на ресурсах Игры (приватов) с кем-либо без предварительного согласия (исключение - сообщать о нарушении Правил другим игроком).</p>
<p>5.37. Запрещается каким-либо образом, включая, но не ограничиваясь, продажей, покупкой, обменом и передачей, получать информацию, необходимую для доступа к учетным записям в Игре и на сайте других Пользователей. Запрещается покупать или получать любым иным способом игровых персонажей или аккаунты. Наказание - перманентный бан.</p>
<p>5.38. Пользователю запрещается использовать в никах, званиях и названиях кланов терминологию, подразумевающую наделённость игрового персонажа/клана административными функциями, или же выдавать себя за доверенное лицо Оператора игрового сервиса.</p>
<p>5.39. Запрещается плагиат ников игроков, названий и/или значков кланов (параметры плагиата на усмотрение Оператора)</p>
<p>5.40. Пользователь имеет право использовать Игру исключительно в некоммерческих целях в рамках, определенных настоящими Правилами.</p>
<p>5.41. Запрещены любые сторонние программы, осуществляющие контроль над игровым процессом. Запрещены также любые программы, автоматически генерирующие данные игры, применяемые с целью получения игрового преимущества по отношению к другим игрокам. Это включает: Боты, Макросы, Автоматические базы данных и т.д..</p>
<p>5.42. Пользователь не имеет права распространять информацию, направленную на незаконное получение паролей доступа к персонажам Игры, а также распространять ссылки на ресурсы с подобной информацией.</p>
<p>5.43. Пользователь имеет право на изменение своего пароля неограниченное число раз. При этом Пользователь обязан самостоятельно обеспечивать сложность и секретность своего пароля и иных необходимых данных. Пользователь также несет ответственность за неразглашение своего логина и пароля, а также все риски (убытки), связанные с возможным разглашением.</p>
<p>5.44. Пользователь может обжаловать действия модераторов Игры и форума в специальном разделе форума. Жалоба должна быть изложена аргументировано, без эмоций и нарушения остальных пунктов правил. Жалобы на транслите не рассматриваются. Жалобы на действия модераторов старше трех месяцев не рассматриваются. Жалоба подается не более одного раза. Если она рассмотрена, и по ней отказано, не допускается повторное обращение по тому же самому поводу.</p>
<p>5.45. Пользователь соглашается, что, в случае нарушения им своих обязанностей, Оператор или его представители &nbsp;вправе в любой момент применить к нему санкции: предупреждение, переименование, временное блокирование использования игрового чата, временное блокирование учетной записи, приостановление/прекращение предоставления Услуг, требование о возмещении убытков и иные действия.</p>
<p>5.46. Действия Оператора не обсуждаются и обжалованию не подлежат.</p>
<p>5.47. Пользователь обязуется соблюдать <a style=""color: #5F4425;font-weight: bold;"" target=""_blank"" href=""http://forum.tmgame.ru/index.php?showtopic=870"">правила игры</a> и <a style=""color: #5F4425;font-weight: bold;"" target=""_blank"" href=""http://forum.tmgame.ru/index.php?showtopic=2292"">правила форума</a>.</p>
<p>5.48. Иные обязательства Пользователя предусмотрены в разделе &nbsp;&laquo;Дополнительные Платные Услуги&raquo; настоящего Соглашения.</p>
<p>6. Общие положения.</p>
<p>6.1. Пользователь настоящим уведомлен, что регулярное длительное (непрерывное) нахождение у персонального компьютера может вызывать различные осложнения физического состояния, в том числе ослабление зрения, сколиоз, различные формы неврозов и прочие негативные воздействия на организм. Пользователь гарантирует, что он будет использовать Сервисы исключительно на протяжении разумного времени, с перерывами на отдых или иные мероприятия по профилактике физического состояния, если таковые Пользователю рекомендованы или предписаны.</p>
<p>6.2. Аккаунт пользователя, не достигшего второго уровня и не используемого 91 день и более, удаляется по истечении указанного срока.</p>
<p>6.3. Пользователь не вправе использовать любые составляющие Портала вне Портала без письменного согласия Оператора.</p>
<p>6.4. Пользователь понимает, принимает и соглашается, что любой элемент Портала, является составляющей частью Портала, определенным набором функций и возможностей программы для ЭВМ, и несмотря на то, что Пользователю во время использования Портала разрешается управление такими элементами Портала, не может быть расценено ни при каких обстоятельствах, как передача и/или уступка права собственности в отношении данного элемента от Оператора к Пользователю, точно также как не может быть расценено такое управление элементом Портала как авторство Пользователя в отношении элемента Портала и/или соавторство Пользователя и Оператора в отношении элемента Портала.</p>
<p>6.5. Заключение настоящего Соглашения не может быть расценено как уступка каких-либо прав от Оператора к Пользователю на любые составляющие Портала.</p>
<p>6.6. В случае, если Пользователю, в соответствии с законами его государства запрещено использовать Портал в режиме онлайн или существуют иные законодательные ограничения, включая ограничения по возрасту допуска к таким услугам, Пользователь не вправе использовать Портал или отдельные Услуги Портала. В таком случае, Пользователь самостоятельно несет ответственность за использование Портала на территории своего государства в соответствии с местными законами.</p>
<p>6.7. Настоящее Соглашение может быть изменено Оператором без какого-либо предварительного уведомления. Любые изменения в Соглашении, осуществленные Оператором в одностороннем порядке вступают в силу в день, следующий за днем опубликования таких изменений на Интернет сайте. Пользователь обязуется самостоятельно проверять Соглашение на предмет изменений. Не осуществление Пользователем действий по ознакомлению с Соглашением и/или измененной редакцией Соглашения не может служить основанием для неисполнения Пользователем своих обязательств и несоблюдения Пользователем ограничений, установленных Соглашением.</p>
<p>6.8. Соглашаясь с настоящим Соглашением, Пользователь не возражает против получения на свою регистрационную почту новостных и рекламных материалов, относящихся к Проекту.</p>
<p>6.9. Недействительность одного или нескольких положений Соглашения, признанная в установленном порядке вступившим в силу решением суда, не влечет для Сторон недействительности соглашения в целом. В случае признания одного или нескольких положений Соглашения в установленном порядке недействительными, Стороны обязуются исполнять взятые на себя по Соглашению обязательства максимально близким к подразумеваемым Сторонами при заключении и/или согласованном изменении Соглашения способом.</p>
<p>6.10. Настоящее Соглашение, в вопросах и условиях, не оговоренных в настоящем Соглашении, регулируются в соответствии с действующим законодательством РФ.</p>
<p>6.11. В отношении формы заключения настоящего Соглашения применяются нормы ГК, регулирующие порядок и условия заключения публичного договора (ст. 426 ГК РФ) договора-присоединения (ст. 428 ГК РФ), оферты (ст. 435-444 ГК РФ).</p>
<p>6.12. В отношении уплаты налогов и сборов, возникших в процессе осуществления Оператором оказания Услуг и Дополнительных Платных услуг Пользователю, Пользователь понимает, принимает и соглашается с обязанностью самостоятельно и за свой счет нести бремя уплаты законно установленных налогов и сборов согласно ст. 23 НК РФ.</p>
<p>6.13. Все споры сторон по настоящему соглашению подлежат разрешению путем переписки и переговоров с использованной досудебного (претензионного) порядка, а в случае невозможности достичь согласия между сторонами путем переговоров, рассмотрение спора может быть передано любой заинтересованной стороной в суд общей юрисдикции по месту нахождения Оператора.</p>
<p>Приложение №1</p>
<p>к Пользовательскому Соглашению онлайн игры Техномагия</p>
<p>Дополнительные Платные Услуги.</p>
<p>1. Настоящий раздел Соглашения регламентирует порядок и условия предоставления Оператором Пользователю Дополнительных Платных Услуг, связанных с Порталом.</p>
<p>2. По желанию Пользователя Оператор предоставляет Пользователю Дополнительные Платные Услуги, которые обеспечивают Пользователю возможность использовать дополнительные, расширенные, специальные возможности Портала. В результате использования некоторых дополнительных возможностей Пользователь может получать игровые ценности, которые способствуют более быстрому развитию игрового персонажа на Портале, и/или более быстрому росту рейтинга Пользователя. Игровые ценности являются нематериальными и могут быть использованы Пользователем только внутри Портала.</p>
<p>3. Моментом оказания Оператором Дополнительной Платной Услуги считается момент начисления Оператором игровой валюты на счет Пользователя за оплату данной Дополнительной Платной Услуги и получения Пользователем данной Дополнительной Платной Услуги. С данного момента Дополнительная Платная Услуга считается оказанной Оператором Пользователю полностью, в срок и с надлежащим качеством. Денежные средства, оплаченные Пользователем за оказанную Дополнительную Платную Услугу, возврату от Оператора Пользователю не подлежат.</p>
<p>4. Если Пользователь решил воспользоваться Дополнительными Платными Услугами Оператора, то он обязан по требованию Оператора предоставить свои Фамилию, Имя, год рождения, и иную информацию, которая позволит Оператору в случае необходимости идентифицировать конкретное физическое лицо с данной учетной записью Пользователя на Портале. Пользователь самостоятельно несет ответственность за правильность, полноту, достоверность и корректность указания своих персональных данных. Пользователь выражает свое согласие с тем, что Оператор может и вправе запросить, собирать и хранить, с учетом положений ФЗ &laquo;О защите персональных данных&raquo;, персональную информацию Пользователя, включая информацию о фамилии, имени, Отчестве, поле, возрасте, адресе зарегистрированного или фактического пребывания, контактных телефонах или адресах электронной почты или иных средств электронной коммуникации, а также, в случаях использования Пользователем Дополнительных Платных Услуг &mdash; данные о платежных реквизитах Пользователя, в том числе данные о кредитных или дебетовых платежных картах и иных средствах платежей, если это не противоречит законодательству РФ.</p>
<p>5. Перечень и стоимость Дополнительных Платных Услуг публикуется исключительно Оператором на Интернет-сайте.</p>
<p>6. При регистрации Пользователя на Портале, Оператор автоматически заводит счет Пользователя, который непосредственно привязан к учетной записи Пользователя. Оплата Дополнительных Платных Услуг осуществляется Пользователем с данного счета Пользователя.</p>
<p>7. Способы и условия пополнения счета Пользователя для оплаты Дополнительных Платных Услуг на Портале публикуются Оператором на Интернет сайте. Пополнение счета Пользователя осуществляется Пользователем путем перечисления денежных средств через поддерживаемые платежные системы на расчетный счет Оператора. Список доступных для оплаты платежных систем приведен на Интернет-сайте. После поступления денежных средств от Пользователя на расчетный счет Оператора, денежные средства конвертируются в игровую валюту, зачисляемую на счет Пользователя. Конвертация происходит по курсу и формуле, установленной Оператором, и опубликованной на Интернет-сайте. Моментом пополнения счета Пользователя считается зачисление денежных средств на расчетный счет Оператора.</p>
<p>8. При осуществлении пополнения счета Пользователя на Портале, Пользователь обязуется следовать платежным инструкциям по порядку и способам оплаты, в том числе и по правилам ввода сообщения и номера коротких текстовых сообщений (SMS), включая порядок ввода заглавных и строчных букв, цифр и языка ввода. Зачисление игровой валюты на счет Пользователя гарантируется при выполнении прилагаемых инструкций и условий оплаты. Оператор не несет ответственность за правильность выполнения Пользователем условий проведения оплаты Дополнительных Платных Услуг, как за находящиеся вне контроля Оператора. По вопросам правил и порядка использования платежных систем для осуществления пополнения лицевого счета Пользователю надлежит обращаться к юридическим лицам &mdash; держателям таких платежных систем. Оператор не производит разъяснений Пользователям вопросов, связанных с правилами и порядком использования таких платежных систем, а также не производит компенсацию денежных средств Пользователю, который осуществил операции по зачислению денежных средств для пополнения счета Пользователя на Портале посредством платежных систем, если такие платежи были осуществлены с нарушениями правил, установленных платежными системами, в результате чего денежные средства не поступили Оператору.</p>
<p>9. Получение Пользователем Дополнительных Платных Услуг возможно при условии полной оплаты Пользователем таких Дополнительных Платных Услуг, при этом Оператор вправе до получения подтверждения об оплате Дополнительных Платных Услуг такие Услуги не предоставлять, предоставлять в ограниченном объеме или ограничивать Пользователю получение Дополнительных Платных Услуг. Для получения Дополнительных Платных Услуг Пользователем на счете Пользователя должна быть достаточная сумма игровой валюты для списания за каждую конкретную Дополнительную Платную Услугу. Оператор не предоставляет Пользователю отсрочку, рассрочку оплаты Дополнительных Платных Услуг, а также не предоставляет Дополнительных Платных Услуг Пользователю в кредит. Дополнительные Платные Услуги оказываются Оператором Пользователю на условии полной предоплаты стоимости таких Дополнительных Платных Услуг.</p>
<p>10. В том случае, если в результате технической ошибки или сбоя Портала, или сознательных действий Пользователя им были получены Дополнительные Платные Услуги без оплаты и/или неполной оплаты, и/или не списания игровой валюты со счета Пользователя в счет оплаты таких Дополнительных Платных Услуг, Пользователь обязан сообщить Оператору в течение суток (24 часов) о таком факте и компенсировать Оператору стоимость Дополнительных Платных Услуг, полученных Пользователем в результате таких обстоятельств или отказаться от использования этих Дополнительных Платных Услуг.</p>
<p>11. Оператор не начисляет и не выплачивает Пользователю процентов за неиспользованные Пользователем денежные средств, если такие денежные средства были перечислены Пользователем на расчетный счет Оператора для переведения их в игровую валюту и последующую оплату Дополнительных Платных Услуг и находятся на счете Пользователя.</p>
<p>12. Пользователь обязан сохранять документы, подтверждающие оплату им Дополнительных Платных Услуг за все время использования Портала, и в случае запроса Оператором таких документов предоставить их Оператору, а также предоставить Оператору информацию об обстоятельствах совершения такого платежа Пользователем.</p>
<p>13. Пользователь обязан самостоятельно отслеживать состояние своего счета.</p>
<p>14. Дополнительные Платные Услуги оказываются исключительно Оператором, поэтому никакие предложения третьих лиц об оказании каких либо Услуг, связанных с Порталом, не могут быть расценены Пользователем как предложения, исходящие от Оператора. В случае, возникновения спорных, неясных ситуаций, либо направлении Пользователю каких-либо предложений любых третьих лиц, связанных с оплатой Услуг, либо Дополнительных Платных Услуг на Портале, либо размещении таких объявлений и предложений в сети Интернет, за исключением Ресурсов Операторов и сделанных от имени Оператора, Пользователь обязан незамедлительно уведомить Оператора о таком факте. В случае если Пользователь в нарушение настоящего положения, произвел оплату по указанному объявлению с использование реквизитов, указанных в таком объявлении, претензии Пользователя Оператору по поводу не поступления денежных средств на счет Пользователя не принимаются, и Оператор не компенсирует Пользователю денежные средства, потраченные Пользователем при таких обстоятельствах.</p>
<p>15. В случае, если Оператором будет установлено, что Пользователь получает Услуги, либо Дополнительные Платные Услуги внутри Портала от иных третьих лиц (физических и/или юридических), Оператор вправе приостановить, ограничить, прекратить оказание Услуг, дополнительных Платных Услуг Пользователю.</p>
<p>16. Получение Дополнительных Платных Услуг не освобождает Пользователей от соблюдения настоящего Пользовательского Соглашения и применения в отношении них любых мер, оговоренных в Пользовательском Соглашении, включая полный или частичный отказ Оператора от предоставления Услуг Пользователю. Компенсация Пользователю оплаченных Услуг в случае отказа Оператора в предоставлении Услуг не производится.</p>
<p>17. Пользователь гарантирует Оператору, что имеет право использовать выбранные им средства для оплаты Дополнительных Платных Услуг, не нарушая при этом законодательства РФ и/или законодательства иной страны, гражданином которой является Пользователь. Оператор не несет ответственности за возможный ущерб третьим лицам и/или другим Пользователям Портала, причиненный в результате использования Пользователем средств оплаты ему не принадлежащих.</p>
<p>18. Оператор не несет ответственности за возможные противоправные действия Пользователя при совершении им оплаты Дополнительных Платных Услуг на Портале. Оператор оставляет за собой право в одностороннем порядке приостановить или прекратить оказание Услуг, Дополнительных Платных Услуг Пользователю в случае, если существует подозрение на совершение Пользователем противозаконных действий вплоть до выяснения обстоятельств.</p>
<p>19. В случае, если Оператор имеет основания полагать, что Пользователь совершает противозаконные действия, либо мошеннические действия, связанные с оплатой Дополнительных Платных Услуг, Оператор имеет право передать соответствующую информацию в правоохранительные органы для осуществления проверки по данному факту.</p>
<p>20. Пользователь самостоятельно и за свой счет несет все расходы, связанные с перечислением денежных средств Оператору, включая сборы, комиссии.</p>
<p>21. Пользователь гарантирует, что имеет все полномочия на заключение данного Соглашения в разделе оказания Платных Дополнительных Услуг, а также то, что имеет право и полномочие осуществлять платежи для получения Дополнительных Платных Услуг.</p>
<p>22. Пользователь соглашается, понимает и принимает то, что Портал не является азартной игрой, игрой на деньги, конкурсом, пари, и покупка Дополнительных Платных Услуг является его волей и желанием, и не является необходимым или обязательным условием для использования Портала.</p>
",
NOID-7,Вы зарегистрировались в бесплатной браузерной MMOPRG «Техномагия».,
NOID-8,Ваш ник —,
NOID-9,"Чтобы оставаться в курсе событий и получать секретные коды для подарков, нажмите подтвердить.",
NOID-10,"Желаем долгой, счастливой, полной приключений жизни в мире Элинор. Удачной игры!",
NOID-11,"Это письмо было сгенерировано автоматически. Пожалуйста, не отвечайте на него, ответ не будет обработан. Если у вас есть какие-то вопросы или пожелания, пожалуйста, посетите форум игры либо нашу группу на facebook или Вконтакте.

Если вы не регистрировали аккаунт в игре, и это письмо доставлено по ошибке, просто проигнорируйте его.",
NOID-12,ПОЗДРАВЛЯЕМ!,
NOID-13,"<div>Вас приветствует робот игры &quot;ТЕХНОМАГИЯ&quot;! <br />
Вы получили это письмо в ответ на запрос о сбросе пароля вашего персонажа в игре. <br />
<br />
<font color=""maroon""><b>ВНИМАНИЕ! Если данное письмо было доставлено Вам по ошибке, удалите его, не следуя указанным инструкциям!</b></font> <br />
<br />
<b>СБРОС ПАРОЛЯ:</b> <br />
Для завершения процедуры сброса пароля необходимо пройти по указанной ссылке и следовать дальнейшим инструкциям! <br />
<br />
<font color=""blue""><a href=""linklabel"" target=""_blank""><b>Продолжить процедуру сброса пароля</b></a></font> <br />
</div>",
NOID-14,"<div>Вас приветствует робот игры &quot;ТЕХНОМАГИЯ&quot;! <br />
Вы получили это письмо в ответ на запрос о сбросе пароля вашего персонажа в игре. <br />
<br />
<b>НОВЫЙ ПАРОЛЬ:
<br />
<font color=""maroon""><b>ВНИМАНИЕ! Не предоставляйте доступ к вашему персонажу и пароль сторонним лицам, во избежание краж игрового имущества и других вредоносных действий!</b></font></div>
<div>&nbsp;</div>",
NOID-15,ПОДТВЕРЖДЕНИЕ АДРЕСА,
NOID-16,"Здравствуйте!

Спасибо, что выбрали рассылку новостей игры «Техномагия»! Для подтверждения почтового адреса пройдите, пожалуйста, по ссылке:
Подтвердив адрес, вы сможете не только оставаться в курсе событий, происходящих в мире Элинора, но и получать подарки, приготовленные специально для подписчиков! ",
NOID-17,"С уважением,
команда игры «Техномагия»",
NOID-18,С ГОДОВЩИНОЙ!,
NOID-19,"сегодня Элинор отмечает -ю годовщину твоего прибытия! В честь этого радостного события для тебя подготовлен подарок. Скорее заходи в игру, чтобы забрать его из почты, где он хранится только 7 дней. Поздравляем и желаем знаменательных побед и свершений!",
NOID-20,ПРОДЛЕНИЕ РЕГИСТРАЦИИ КЛАНА!,
NOID-21,"Здравствуйте! Срок регистрации клана подходит к концу! Посетите Ратушу, чтобы продлить существование клана. Поторопитесь, если вы не успеете до  по московскому времени, клан будет расформирован!",
NOID-22,КЛАН РАСФОРМИРОВАН!,
NOID-23,"Здравствуйте! Регистрация клана  не была продлена в срок, в связи с чем клан расформирован. Вы можете восстановить клан, оплатив в ратуше необходимую сумму золота. Если примете решение не восстанавливать клан, вы можете его покинуть через меню Персонажа ""Мое окружение"". В случае, если через некоторое время вы или другие игроки, состоявшие в клане, захотите его возродить, то необходимо будет связаться с Администрацией проекта через электронную почту admin@tmgame.ru.",
